bucket,recommendation,evidence,artist_a,artist_b,source
name_norm_collision,"MERGE (same artist, variant spelling)",exact_norm,Sven Vath,Sven Väth,
name_norm_collision,"MERGE (same artist, variant spelling)",exact_norm,Tone Depth,Tonedepth,
name_norm_collision,"MERGE (same artist, variant spelling)",exact_norm,Beyonce,Beyoncé,
name_norm_collision,"MERGE (same artist, variant spelling)",exact_norm,I:Cube,I-Cube,
name_norm_collision,"MERGE (same artist, variant spelling)",exact_norm,Raphael Guattari,Raphaël Guattari,
name_norm_collision,"MERGE (same artist, variant spelling)",exact_norm,Ra-X,RAX,
name_norm_collision,"MERGE (same artist, variant spelling)",exact_norm,Nick Leon,Nick León,
name_norm_collision,"MERGE (same artist, variant spelling)",exact_norm,UNI,U-N-I,
name_norm_collision,"MERGE (same artist, variant spelling)",exact_norm,Curses,Curses!,
name_norm_collision,"MERGE (same artist, variant spelling)",exact_norm,T.Raumschmiere,T. Raumschmiere,
name_norm_collision,"MERGE (same artist, variant spelling)",exact_norm,Leonie Pernet,Léonie Pernet,
name_norm_collision,"MERGE (same artist, variant spelling)",exact_norm,Matvei,MATVEÏ,
name_norm_collision,"MERGE (same artist, variant spelling)",exact_norm,Oliver,Oliver $,
name_norm_collision,"MERGE (same artist, variant spelling)",exact_norm,Christopher Schwarzwalder,Christopher Schwarzwälder,
name_norm_collision,"MERGE (same artist, variant spelling)",exact_norm,Chateau Flight,Château Flight,
name_norm_collision,"MERGE (same artist, variant spelling)",exact_norm,Blaze,The Blaze,
name_norm_collision,"MERGE (same artist, variant spelling)",exact_norm,Holy Ghost!,Holy Ghost,
name_norm_collision,"MERGE (same artist, variant spelling)",exact_norm,Wolf + Lamb,Wolf & Lamb,
name_norm_collision,"MERGE (same artist, variant spelling)",exact_norm,Lindström,Lindstrom,
name_norm_collision,"MERGE (same artist, variant spelling)",exact_norm,Roisin Murphy,Róisín Murphy,
name_norm_collision,"MERGE (same artist, variant spelling)",exact_norm,Shlømo,Shlmo,
name_norm_collision,"MERGE (same artist, variant spelling)",exact_norm,Justus Kohncke,Justus Köhncke,
name_norm_collision,"MERGE (same artist, variant spelling)",exact_norm,Fat Freddy's Drop,Fat Freddys Drop,
name_norm_collision,"MERGE (same artist, variant spelling)",exact_norm,Jagö,Jagö,
name_norm_collision,"MERGE (same artist, variant spelling)",exact_norm,Jagö,Jago,
name_norm_collision,"MERGE (same artist, variant spelling)",exact_norm,Jagö,Jago,
name_norm_collision,"MERGE (same artist, variant spelling)",exact_norm,Sinead Harnett,Sinéad Harnett,
name_norm_collision,"MERGE (same artist, variant spelling)",exact_norm,Pig&Dan,Pig & Dan,
name_norm_collision,"MERGE (same artist, variant spelling)",exact_norm,Paul St Hilaire,Paul St. Hilaire,
name_norm_collision,"MERGE (same artist, variant spelling)",exact_norm,El Buho,El Búho,
name_norm_collision,"MERGE (same artist, variant spelling)",exact_norm,pongo.,PÔNGO,
name_norm_collision,"MERGE (same artist, variant spelling)",exact_norm,pongo.,Pongo,
name_norm_collision,"MERGE (same artist, variant spelling)",exact_norm,pongo.,Pôngo,
name_norm_collision,"MERGE (same artist, variant spelling)",exact_norm,PÔNGO,Pongo,
name_norm_collision,"MERGE (same artist, variant spelling)",exact_norm,PÔNGO,Pôngo,
name_norm_collision,"MERGE (same artist, variant spelling)",exact_norm,Pongo,Pôngo,
name_norm_collision,"MERGE (same artist, variant spelling)",exact_norm,Pote,Poté,
name_norm_collision,"MERGE (same artist, variant spelling)",exact_norm,Intense,Intense!,
name_norm_collision,"MERGE (same artist, variant spelling)",exact_norm,M,MØ,
name_norm_collision,"MERGE (same artist, variant spelling)",exact_norm,The Juan Maclean,Juan Maclean,
name_norm_collision,"MERGE (same artist, variant spelling)",exact_norm,Mikey V,Mikey V.,
name_norm_collision,"MERGE (same artist, variant spelling)",exact_norm,Mr. V,Mr V,
name_norm_collision,"MERGE (same artist, variant spelling)",exact_norm,Mr. V,Mr.V,
name_norm_collision,"MERGE (same artist, variant spelling)",exact_norm,Mr. V,Mr.V.,
name_norm_collision,"MERGE (same artist, variant spelling)",exact_norm,Mr V,Mr.V,
name_norm_collision,"MERGE (same artist, variant spelling)",exact_norm,Mr V,Mr.V.,
name_norm_collision,"MERGE (same artist, variant spelling)",exact_norm,Mr.V,Mr.V.,
name_norm_collision,"MERGE (same artist, variant spelling)",exact_norm,Cuillère,Cuillere,
name_norm_collision,"MERGE (same artist, variant spelling)",exact_norm,DJ Pierre,D.J. Pierre,
name_norm_collision,"MERGE (same artist, variant spelling)",exact_norm,Mateo & Matos,Mateo and Matos,
name_norm_collision,"MERGE (same artist, variant spelling)",exact_norm,Kid Creme,Kid Crème,
name_norm_collision,"MERGE (same artist, variant spelling)",exact_norm,Mousse T,Mousse T.,
name_norm_collision,"MERGE (same artist, variant spelling)",exact_norm,Lance DeSardi,Lance De Sardi,
name_norm_collision,"MERGE (same artist, variant spelling)",exact_norm,TACHES,TÂCHES,
name_norm_collision,"MERGE (same artist, variant spelling)",exact_norm,L'Imperatrice,L'Impératrice,
name_norm_collision,"MERGE (same artist, variant spelling)",exact_norm,Francois Ier,François Ier,
name_norm_collision,"MERGE (same artist, variant spelling)",exact_norm,Dsd,D.S.D.,
name_norm_collision,"MERGE (same artist, variant spelling)",exact_norm,Silverfilter,Silver Filter,
name_norm_collision,"MERGE (same artist, variant spelling)",exact_norm,Tiesto,Tiësto,
name_norm_collision,"MERGE (same artist, variant spelling)",exact_norm,Ultra Nate,Ultra Naté,
name_norm_collision,"MERGE (same artist, variant spelling)",exact_norm,Blase,Blasé,
name_norm_collision,"MERGE (same artist, variant spelling)",exact_norm,Naïla,Naila,
name_norm_collision,"MERGE (same artist, variant spelling)",exact_norm,Jose Gonzalez,José González,
name_norm_collision,"MERGE (same artist, variant spelling)",exact_norm,Angelica Garcia,Angélica Garcia,
name_norm_collision,"MERGE (same artist, variant spelling)",exact_norm,&ME,MÉ,
name_norm_collision,"MERGE (same artist, variant spelling)",exact_norm,&ME,Me,
name_norm_collision,"MERGE (same artist, variant spelling)",exact_norm,MÉ,Me,
name_norm_collision,"MERGE (same artist, variant spelling)",exact_norm,Seven Davis Jr,Seven Davis Jr.,
name_norm_collision,"MERGE (same artist, variant spelling)",exact_norm,Sante,Santé,
name_norm_collision,"MERGE (same artist, variant spelling)",exact_norm,Mollono.Bass,Mollono. Bass,
name_norm_collision,"MERGE (same artist, variant spelling)",exact_norm,WhoMadeWho,Who Made Who,
name_norm_collision,"MERGE (same artist, variant spelling)",exact_norm,Ankhoi,Ankhoï,
name_norm_collision,"MERGE (same artist, variant spelling)",exact_norm,Dixon,DIXON,
name_norm_collision,"MERGE (same artist, variant spelling)",exact_norm,Royksopp,Röyksopp,
name_norm_collision,"MERGE (same artist, variant spelling)",exact_norm,PillowTalk,Pillow Talk,
name_norm_collision,"MERGE (same artist, variant spelling)",exact_norm,I-fan,I/Fan,
name_norm_collision,"MERGE (same artist, variant spelling)",exact_norm,K.T. Brooks,KT Brooks,
name_norm_collision,"MERGE (same artist, variant spelling)",exact_norm,DJ T.,DJ T,
name_norm_collision,"MERGE (same artist, variant spelling)",exact_norm,Mandy,M.A.N.D.Y.,
name_norm_collision,"MERGE (same artist, variant spelling)",exact_norm,Comet,Come T,
name_norm_collision,"MERGE (same artist, variant spelling)",exact_norm,Lutzenkirchen,Lützenkirchen,
name_norm_collision,"MERGE (same artist, variant spelling)",exact_norm,Andrés,Andrè S.,
name_norm_collision,"MERGE (same artist, variant spelling)",exact_norm,Andrés,Andres,
name_norm_collision,"MERGE (same artist, variant spelling)",exact_norm,Andrè S.,Andres,
name_norm_collision,"MERGE (same artist, variant spelling)",exact_norm,Marc Pinol,Marc Piñol,
name_norm_collision,"MERGE (same artist, variant spelling)",exact_norm,Bong-Ra,Bong Ra,
name_norm_collision,"MERGE (same artist, variant spelling)",exact_norm,Reset,Reset!,
name_norm_collision,"MERGE (same artist, variant spelling)",exact_norm,Directors Cut,Director's Cut,
name_norm_collision,"MERGE (same artist, variant spelling)",exact_norm,How2 Groove,How2 Groove?,
name_norm_collision,"MERGE (same artist, variant spelling)",exact_norm,2Black,2 Black,
name_norm_collision,"MERGE (same artist, variant spelling)",exact_norm,Greenskeepers,Greens Keepers,
name_norm_collision,"MERGE (same artist, variant spelling)",exact_norm,Virag,Virág,
name_norm_collision,"MERGE (same artist, variant spelling)",exact_norm,Inigo Vontier,Iñigo Vontier,
name_norm_collision,"MERGE (same artist, variant spelling)",exact_norm,Joshua Iz,"Joshua „IZ""",
name_norm_collision,"MERGE (same artist, variant spelling)",exact_norm,Joshua Iz,Joshua “IZ”,
name_norm_collision,"MERGE (same artist, variant spelling)",exact_norm,"Joshua „IZ""",Joshua “IZ”,
name_norm_collision,"MERGE (same artist, variant spelling)",exact_norm,Steve Lucas,stevelucas,
name_norm_collision,"MERGE (same artist, variant spelling)",exact_norm,Gabriel B,Gabriel B.,
name_norm_collision,"MERGE (same artist, variant spelling)",exact_norm,John Dahlback,John Dahlbäck,
name_norm_collision,"MERGE (same artist, variant spelling)",exact_norm,Johnny D,Johnny D.,
name_norm_collision,"MERGE (same artist, variant spelling)",exact_norm,Mario Piu,Mario Più,
name_norm_collision,"MERGE (same artist, variant spelling)",exact_norm,Cari Golden,feat. Cari Golden,
name_norm_collision,"MERGE (same artist, variant spelling)",exact_norm,Jo.Ke,Joke,
name_norm_collision,"MERGE (same artist, variant spelling)",exact_norm,JAVID,JAVID.,
name_norm_collision,"MERGE (same artist, variant spelling)",exact_norm,Kolsch,Kölsch,
name_norm_collision,"MERGE (same artist, variant spelling)",exact_norm,Richie Hawtin,Richie Hawtin,
name_norm_collision,"MERGE (same artist, variant spelling)",exact_norm,DJ Tom,D.J. Tom,
name_norm_collision,"MERGE (same artist, variant spelling)",exact_norm,Andrè Lanine,Andre Lanine,
name_norm_collision,"MERGE (same artist, variant spelling)",exact_norm,Âme,A*M*E,
name_norm_collision,"MERGE (same artist, variant spelling)",exact_norm,Zoe Johnston,Zoë Johnston,
name_norm_collision,"MERGE (same artist, variant spelling)",exact_norm,Jesper Dahlback,Jesper Dahlbäck,
name_norm_collision,"MERGE (same artist, variant spelling)",exact_norm,Etienne De Crecy,Étienne de Crécy,
name_norm_collision,"MERGE (same artist, variant spelling)",exact_norm,Sid Le Rock,Sid LeRock,
name_norm_collision,"MERGE (same artist, variant spelling)",exact_norm,C.A.R.,Car,
name_norm_collision,"MERGE (same artist, variant spelling)",exact_norm,Anek,ANËK,
name_norm_collision,"MERGE (same artist, variant spelling)",exact_norm,Patrice Baumel,Patrice Bäumel,
name_norm_collision,"MERGE (same artist, variant spelling)",exact_norm,Sama' Abdulhadi,Sama’ Abdulhadi,
name_norm_collision,"MERGE (same artist, variant spelling)",exact_norm,Oona Dahl,Öona Dahl,
name_norm_collision,"MERGE (same artist, variant spelling)",exact_norm,Skatebard,Skatebård,
name_norm_collision,"MERGE (same artist, variant spelling)",exact_norm,Jorg Burger,Jörg Burger,
name_norm_collision,"MERGE (same artist, variant spelling)",exact_norm,Till Kruger,Till Krüger,
name_norm_collision,"MERGE (same artist, variant spelling)",exact_norm,Telepopmusik,Télépopmusik,
name_norm_collision,"MERGE (same artist, variant spelling)",exact_norm,Andre Bratten,André Bratten,
name_norm_collision,"MERGE (same artist, variant spelling)",exact_norm,CrissCross,Criss-Cross,
name_norm_collision,"MERGE (same artist, variant spelling)",exact_norm,Rui-Z,Ruiz,
name_norm_collision,"MERGE (same artist, variant spelling)",exact_norm,Shakarchi & Straneus,Shakarchi & Stranéus,
name_norm_collision,"MERGE (same artist, variant spelling)",exact_norm,Hunter/Game,Hunter_Game,
name_norm_collision,"MERGE (same artist, variant spelling)",exact_norm,Daniel Bortz,Daniel Börtz,
name_norm_collision,"MERGE (same artist, variant spelling)",exact_norm,Jurgen Paape,Jürgen Paape,
name_norm_collision,"MERGE (same artist, variant spelling)",exact_norm,Murat Uncuoglu,Murat Uncuoğlu,
name_norm_collision,"MERGE (same artist, variant spelling)",exact_norm,Jussi-Pekka,Jussipekka,
name_norm_collision,"MERGE (same artist, variant spelling)",exact_norm,LT,L.T.,
name_norm_collision,"MERGE (same artist, variant spelling)",exact_norm,Francois-Xavier Roth,François-Xavier Roth,
name_norm_collision,"MERGE (same artist, variant spelling)",exact_norm,Les Siecles,Les Siècles,
name_norm_collision,"MERGE (same artist, variant spelling)",exact_norm,Isolee,Isolée,
name_norm_collision,"MERGE (same artist, variant spelling)",exact_norm,ADNY,A.D.N.Y.,
name_norm_collision,"MERGE (same artist, variant spelling)",exact_norm,Solarc,Solar C,
name_norm_collision,"MERGE (same artist, variant spelling)",exact_norm,Antenna,Antenna!,
name_norm_collision,"MERGE (same artist, variant spelling)",exact_norm,Jose Padilla,José Padilla,
name_norm_collision,"MERGE (same artist, variant spelling)",exact_norm,Inuit,Inüit,
name_norm_collision,"MERGE (same artist, variant spelling)",exact_norm,Levon Vincent / Marcel Dettmann,Levon Vincent; Marcel Dettmann,
name_norm_collision,"MERGE (same artist, variant spelling)",exact_norm,Hakan Lidbo,Håkan Lidbo,
name_norm_collision,"MERGE (same artist, variant spelling)",exact_norm,D.F.X.,Dfx,
name_norm_collision,"MERGE (same artist, variant spelling)",exact_norm,MiddleSkyBoom,Middle Sky Boom,
name_norm_collision,"MERGE (same artist, variant spelling)",exact_norm,Luminer,Luminér,
name_norm_collision,"MERGE (same artist, variant spelling)",exact_norm,Liem,Liêm,
name_norm_collision,"MERGE (same artist, variant spelling)",exact_norm,Luca C,Luca C.,
name_norm_collision,"MERGE (same artist, variant spelling)",exact_norm,Pepe Bradock,Pepé Bradock,
name_norm_collision,"MERGE (same artist, variant spelling)",exact_norm,Ali Farahani,Alì Farahani,
name_norm_collision,"MERGE (same artist, variant spelling)",exact_norm,The Chemical Brothers,Chemical Brothers,
name_norm_collision,"MERGE (same artist, variant spelling)",exact_norm,Timothy J Fairplay,Timothy J. Fairplay,
name_norm_collision,"MERGE (same artist, variant spelling)",exact_norm,Hollis P Monroe,Hollis P. Monroe,
name_norm_collision,"MERGE (same artist, variant spelling)",exact_norm,Nufrequency,Nu Frequency,
name_norm_collision,"MERGE (same artist, variant spelling)",exact_norm,The Emperor Machine,Emperor Machine,
name_norm_collision,"MERGE (same artist, variant spelling)",exact_norm,Beatmortelz,Beatmörtelz,
name_norm_collision,"MERGE (same artist, variant spelling)",exact_norm,Carter Bros,Carter Bros.,
name_norm_collision,"MERGE (same artist, variant spelling)",exact_norm,He&She,He & She,
name_norm_collision,"MERGE (same artist, variant spelling)",exact_norm,Noze,Nôze,
name_norm_collision,"MERGE (same artist, variant spelling)",exact_norm,MyMy,My My,
name_norm_collision,"MERGE (same artist, variant spelling)",exact_norm,Onur Ozer,Onur Özer,
name_norm_collision,"MERGE (same artist, variant spelling)",exact_norm,Burger & Voigt,Burger / Voigt,
name_norm_collision,"MERGE (same artist, variant spelling)",exact_norm,Bjork,Björk,
name_norm_collision,"MERGE (same artist, variant spelling)",exact_norm,Kid 606,Kid606,
name_norm_collision,"MERGE (same artist, variant spelling)",exact_norm,Tushen Rai,Tushen Raï,
name_norm_collision,"MERGE (same artist, variant spelling)",exact_norm,Deadbeats,The Deadbeats,
name_norm_collision,"MERGE (same artist, variant spelling)",exact_norm,Cesar Wogue,César Wogue,
name_norm_collision,"MERGE (same artist, variant spelling)",exact_norm,Ny*Ak,Nyak,
name_norm_collision,"MERGE (same artist, variant spelling)",exact_norm,Ny*Ak,Nya*k,
name_norm_collision,"MERGE (same artist, variant spelling)",exact_norm,Nyak,Nya*k,
name_norm_collision,"MERGE (same artist, variant spelling)",exact_norm,Stephane Pompougnac,Stéphane Pompougnac,
name_norm_collision,"MERGE (same artist, variant spelling)",exact_norm,Kruder & Dorfmeister,Kruder.Dorfmeister,
name_norm_collision,"MERGE (same artist, variant spelling)",exact_norm,Minus Blue,MinusBlue,
name_norm_collision,"MERGE (same artist, variant spelling)",exact_norm,Miou Amadée,Miou Amadee,
name_norm_collision,"MERGE (same artist, variant spelling)",exact_norm,Escape,e:scape,
name_norm_collision,"MERGE (same artist, variant spelling)",exact_norm,Aram,Arâm,
name_norm_collision,"MERGE (same artist, variant spelling)",exact_norm,Lazywax,Lazy Wax,
name_norm_collision,"MERGE (same artist, variant spelling)",exact_norm,Doc L Junior,Doc L. Junior,
name_norm_collision,"MERGE (same artist, variant spelling)",exact_norm,The Phenomenal Handclap Band,Phenomenal Handclap Band,
name_norm_collision,"MERGE (same artist, variant spelling)",exact_norm,Shaboom,Sha-Boom,
name_norm_collision,"MERGE (same artist, variant spelling)",exact_norm,Dorothys Fortress,Dorothy's Fortress,
name_norm_collision,"MERGE (same artist, variant spelling)",exact_norm,Yambee,Yambee!,
name_norm_collision,"MERGE (same artist, variant spelling)",exact_norm,Cecilia Stalin,Cecilia Stalín,
name_norm_collision,"MERGE (same artist, variant spelling)",exact_norm,Iain O'Hare,Iain O' Hare,
name_norm_collision,"MERGE (same artist, variant spelling)",exact_norm,Samson & Delilah,Samson and Delilah,
name_norm_collision,"MERGE (same artist, variant spelling)",exact_norm,imugi ???,imugi이무기,
name_norm_collision,"MERGE (same artist, variant spelling)",exact_norm,imugi ???,imugi 이무기,
name_norm_collision,"MERGE (same artist, variant spelling)",exact_norm,imugi이무기,imugi 이무기,
name_norm_collision,"MERGE (same artist, variant spelling)",exact_norm,Blacklodge,Black Lodge,
name_norm_collision,"MERGE (same artist, variant spelling)",exact_norm,Goldlink,Gold Link,
name_norm_collision,"MERGE (same artist, variant spelling)",exact_norm,Mario D' Episcopo,Mario D’ Episcopo,
name_norm_collision,"MERGE (same artist, variant spelling)",exact_norm,L?ENFANT,L’ENFANT,
name_norm_collision,"MERGE (same artist, variant spelling)",exact_norm,Janelle Monae,Janelle Monáe,
name_norm_collision,"MERGE (same artist, variant spelling)",exact_norm,Ooft,OOFT!,
name_norm_collision,"MERGE (same artist, variant spelling)",exact_norm,Gram'ma Funk,Gramma Funk,
name_norm_collision,"MERGE (same artist, variant spelling)",exact_norm,Nerio's Dubwork Featuring Darryl Pandy,Nerio's Dubwork feat. Darryl Pandy,
name_norm_collision,"MERGE (same artist, variant spelling)",exact_norm,Marius Vareid,Marius Våreid,
name_norm_collision,"MERGE (same artist, variant spelling)",exact_norm,T Ski Valley,T-Ski Valley,
name_norm_collision,"MERGE (same artist, variant spelling)",exact_norm,Mid Air,MidAir,
name_norm_collision,"MERGE (same artist, variant spelling)",exact_norm,Heavy D.,Heavy D,
name_norm_collision,"MERGE (same artist, variant spelling)",exact_norm,2020Soundsystem,20/20 Soundsystem,
name_norm_collision,"MERGE (same artist, variant spelling)",exact_norm,Andre 3000,André 3000,
name_norm_collision,"MERGE (same artist, variant spelling)",exact_norm,Sebastien Tellier,Sébastien Tellier,
name_norm_collision,"MERGE (same artist, variant spelling)",exact_norm,LG,L.G.,
name_norm_collision,"MERGE (same artist, variant spelling)",exact_norm,Zoé Miku,Zoé Miku,
name_norm_collision,"MERGE (same artist, variant spelling)",exact_norm,Ishmael Johnson,Ishmáel Johnson,
name_norm_collision,"MERGE (same artist, variant spelling)",exact_norm,Chuck Norris,Chucknorris,
name_norm_collision,"MERGE (same artist, variant spelling)",exact_norm,Gloves,G.L.O.V.E.S,
name_norm_collision,"MERGE (same artist, variant spelling)",exact_norm,The Deadstock 33s,The Deadstock 33's,
name_norm_collision,"MERGE (same artist, variant spelling)",exact_norm,Woolfy vs. Projections,Woolfy vs Projections,
name_norm_collision,"MERGE (same artist, variant spelling)",exact_norm,Woolfy vs. Projections,Woolfy featuring Projections,
name_norm_collision,"MERGE (same artist, variant spelling)",exact_norm,Woolfy vs Projections,Woolfy featuring Projections,
name_norm_collision,"MERGE (same artist, variant spelling)",exact_norm,Baron Retif,Baron Rétif,
name_norm_collision,"MERGE (same artist, variant spelling)",exact_norm,Concepcion Perez,Concepción Pérez,
name_norm_collision,"MERGE (same artist, variant spelling)",exact_norm,Concepcion Perez,Concepción Perez,
name_norm_collision,"MERGE (same artist, variant spelling)",exact_norm,Concepción Pérez,Concepción Perez,
name_norm_collision,"MERGE (same artist, variant spelling)",exact_norm,Olafur Arnalds,Ólafur Arnalds,
name_norm_collision,"MERGE (same artist, variant spelling)",exact_norm,Me and My Friends,Me & My friends,
name_norm_collision,"MERGE (same artist, variant spelling)",exact_norm,Christophe,Christophe!,
name_norm_collision,"MERGE (same artist, variant spelling)",exact_norm,Wustenmond,Wüstenmond,
name_norm_collision,"MERGE (same artist, variant spelling)",exact_norm,Idil Mese,İdil Meşe,
name_norm_collision,"MERGE (same artist, variant spelling)",exact_norm,"Billy "" Bass "" Nelson","Billy ""Bass"" Nelson",
name_norm_collision,"MERGE (same artist, variant spelling)",exact_norm,Egle Sirvydyte,Eglė Sirvydytė,
name_norm_collision,"MERGE (same artist, variant spelling)",exact_norm,Martin BePunkt,MartinBepunkt,
name_norm_collision,"MERGE (same artist, variant spelling)",exact_norm,S.E.C.T.,Sect,
name_norm_collision,"MERGE (same artist, variant spelling)",exact_norm,Nah Man!,Nah Man,
name_norm_collision,"MERGE (same artist, variant spelling)",exact_norm,Bachar Mar-Khalife,Bachar Mar-Khalifé,
name_norm_collision,"MERGE (same artist, variant spelling)",exact_norm,Heller & Farley,Heller And Farley,
name_norm_collision,"MERGE (same artist, variant spelling)",exact_norm,Dale Earnhardt Jr. Jr.,Dale Earnhardt Jr Jr,
name_norm_collision,"MERGE (same artist, variant spelling)",exact_norm,Nightmoves,Night Moves,
name_norm_collision,"MERGE (same artist, variant spelling)",exact_norm,Johan Agebjorn,Johan Agebjörn,
name_norm_collision,"MERGE (same artist, variant spelling)",exact_norm,Fontan,Fontän,
name_norm_collision,"MERGE (same artist, variant spelling)",exact_norm,N*Grandjean,n* grandjean,
name_norm_collision,"MERGE (same artist, variant spelling)",exact_norm,Home & Garden,Home and Garden,
name_norm_collision,"MERGE (same artist, variant spelling)",exact_norm,Frank McDonald & Chris Rae,Frank McDonald and Chris Rae,
name_norm_collision,"MERGE (same artist, variant spelling)",exact_norm,Research,Re:search,
name_norm_collision,"MERGE (same artist, variant spelling)",exact_norm,Andre Laos,André Laos,
name_norm_collision,"MERGE (same artist, variant spelling)",exact_norm,N.W.N.,n.W.n,
name_norm_collision,"MERGE (same artist, variant spelling)",exact_norm,Gold'N'Chic,Gold 'n' Chic,
name_norm_collision,"MERGE (same artist, variant spelling)",exact_norm,Harley & Muscle,Harley&Muscle,
name_norm_collision,"MERGE (same artist, variant spelling)",exact_norm,Ivan Martin,Iván Martin,
name_norm_collision,"MERGE (same artist, variant spelling)",exact_norm,Ricky Spitzz!,Ricky Spitzz,
name_norm_collision,"MERGE (same artist, variant spelling)",exact_norm,B.M.R,BMR,
name_norm_collision,"MERGE (same artist, variant spelling)",exact_norm,Lou2,Lou²,
name_norm_collision,"MERGE (same artist, variant spelling)",exact_norm,Martina Topley Bird,Martina Topley-Bird,
name_norm_collision,"MERGE (same artist, variant spelling)",exact_norm,H.E.L.P. Inc.,Help Inc.,
name_norm_collision,"MERGE (same artist, variant spelling)",exact_norm,Booom!,Booom,
name_norm_collision,"MERGE (same artist, variant spelling)",exact_norm,Tooth Faeries,Toothfaeries,
name_norm_collision,"MERGE (same artist, variant spelling)",exact_norm,George T.,George T,
name_norm_collision,"MERGE (same artist, variant spelling)",exact_norm,J.U.D.G.E.,J.U.D.G.E,
name_norm_collision,"MERGE (same artist, variant spelling)",exact_norm,Rick (Poppa) Howard,"Rick ""Poppa"" Howard",
name_norm_collision,"MERGE (same artist, variant spelling)",exact_norm,Rick (Poppa) Howard,Rick Poppa Howard,
name_norm_collision,"MERGE (same artist, variant spelling)",exact_norm,"Rick ""Poppa"" Howard",Rick Poppa Howard,
name_norm_collision,"MERGE (same artist, variant spelling)",exact_norm,Kruse & Nurnberg,Kruse & Nürnberg,
name_norm_collision,"MERGE (same artist, variant spelling)",exact_norm,The House Master Boyz,The Housemaster Boyz,
name_norm_collision,"MERGE (same artist, variant spelling)",exact_norm,A:xus,A Xus,
name_norm_collision,"MERGE (same artist, variant spelling)",exact_norm,Wulf N Flow,Wulf n' Flow,
name_norm_collision,"MERGE (same artist, variant spelling)",exact_norm,Wulf N Bear,Wulf n' Bear,
name_norm_collision,"MERGE (same artist, variant spelling)",exact_norm,Iron And Wine,Iron & Wine,
name_norm_collision,"MERGE (same artist, variant spelling)",exact_norm,Senor Coconut,Señor Coconut,
name_norm_collision,"MERGE (same artist, variant spelling)",exact_norm,Orchestra Familiar,Orchestra Familiàr,
name_norm_collision,"MERGE (same artist, variant spelling)",exact_norm,Thomas/Mayer,Thomas Mayer,
name_norm_collision,"MERGE (same artist, variant spelling)",exact_norm,Mi.li.an,Milian,
name_norm_collision,"MERGE (same artist, variant spelling)",exact_norm,Newborn Jr,Newborn Jr.,
name_norm_collision,"MERGE (same artist, variant spelling)",exact_norm,Antonio Carlos Jobim,Antônio Carlos Jobim,
name_norm_collision,"MERGE (same artist, variant spelling)",exact_norm,Carlo Dall'anese,Carlo Dall Anese,
name_norm_collision,"MERGE (same artist, variant spelling)",exact_norm,K-ROXX,K Roxx,
name_norm_collision,"MERGE (same artist, variant spelling)",exact_norm,Slo,slō,
name_norm_collision,"MERGE (same artist, variant spelling)",exact_norm,Femina,Fémina,
name_norm_collision,"MERGE (same artist, variant spelling)",exact_norm,Prince 85,Prince85,
name_norm_collision,"MERGE (same artist, variant spelling)",exact_norm,"Miss Kittin, Florian Sebald",Miss Kittin - Florian Sebald,
name_norm_collision,"MERGE (same artist, variant spelling)",exact_norm,Pepite,Pépite,
name_norm_collision,"MERGE (same artist, variant spelling)",exact_norm,Pavlic,Pavlič,
name_norm_collision,"MERGE (same artist, variant spelling)",exact_norm,Joao Gilberto,João Gilberto,
name_norm_collision,"MERGE (same artist, variant spelling)",exact_norm,Dr Octagon,Dr. Octagon,
name_norm_collision,"MERGE (same artist, variant spelling)",exact_norm,Gerard Zajd,Gérard Zajd,
name_norm_collision,"MERGE (same artist, variant spelling)",exact_norm,"Butch, C.Vogt",Butch & C.Vogt,
name_norm_collision,"MERGE (same artist, variant spelling)",exact_norm,Stux,Stüx,
name_norm_collision,"MERGE (same artist, variant spelling)",exact_norm,Paper Music Issue #1,Paper Music Issue # 1,
name_norm_collision,"MERGE (same artist, variant spelling)",exact_norm,20/20 Vision,2020Vision,
name_norm_collision,"MERGE (same artist, variant spelling)",exact_norm,Superspaceproject,SUPER SPACE PROJECT,
name_norm_collision,"MERGE (same artist, variant spelling)",exact_norm,William Rodriguez,William Rodríguez,
name_norm_collision,"MERGE (same artist, variant spelling)",exact_norm,Komon,Kom On,
name_norm_collision,"MERGE (same artist, variant spelling)",exact_norm,David Guetta - Kelly Rowland,David Guetta featuring Kelly Rowland,
name_norm_collision,"MERGE (same artist, variant spelling)",exact_norm,NOME.,No/Me,
name_norm_collision,"MERGE (same artist, variant spelling)",exact_norm,Steve Angello & Laidback Luke Feat. Robin S.,Steve Angello & Laidback Luke Feat. Robin S,
name_norm_collision,"MERGE (same artist, variant spelling)",exact_norm,Kristina Hammarström,Kristina Hammarstrom,
name_norm_collision,"MERGE (same artist, variant spelling)",exact_norm,Yamê,YAME,
name_norm_collision,"MERGE (same artist, variant spelling)",exact_norm,Iz and Diz,Iz & Diz,
name_norm_collision,"MERGE (same artist, variant spelling)",exact_norm,Rafa'EL,Rafael,
name_norm_collision,"MERGE (same artist, variant spelling)",exact_norm,Sandy Rivera feat. LT Brown,Sandy Rivera featuring LT Brown,
name_norm_collision,"MERGE (same artist, variant spelling)",exact_norm,Nufrequency feat. Shara Nelson,NUfrequency featuring Shara Nelson,
name_norm_collision,"MERGE (same artist, variant spelling)",exact_norm,Roisin,Róisín,
name_norm_collision,"MERGE (same artist, variant spelling)",exact_norm,Baris K,Bariş K,
name_norm_collision,"MERGE (same artist, variant spelling)",exact_norm,Fab,Fabø,
name_norm_collision,"MERGE (same artist, variant spelling)",exact_norm,Coco O,Coco O.,
name_norm_collision,"MERGE (same artist, variant spelling)",exact_norm,Frankie Knuckles presents Director's Cut,"Frankie Knuckles, Director's Cut",
name_norm_collision,"MERGE (same artist, variant spelling)",exact_norm,Chris Schwarzwälder,Chris Schwarzwalder,
name_norm_collision,"MERGE (same artist, variant spelling)",exact_norm,Robyn Feat. Kleerup,Robyn/Kleerup,
name_norm_collision,"MERGE (same artist, variant spelling)",exact_norm,D'Mia,D´mia,
name_norm_collision,"MERGE (same artist, variant spelling)",exact_norm,Yericho,Yerichö,
name_norm_collision,"MERGE (same artist, variant spelling)",exact_norm,Abdou El Omari / عبده العماري,Abdou El Omari,
name_norm_collision,"MERGE (same artist, variant spelling)",exact_norm,DOM!,Dom,
name_norm_collision,"MERGE (same artist, variant spelling)",exact_norm,A+O,AO,
name_norm_collision,"MERGE (same artist, variant spelling)",exact_norm,DJ FEX,DJ F.E.X,
name_norm_collision,"MERGE (same artist, variant spelling)",exact_norm,Pacific,Pacific!,
name_norm_collision,"MERGE (same artist, variant spelling)",exact_norm,Do Le,Dole,
name_norm_collision,"MERGE (same artist, variant spelling)",exact_norm,Berny & Guru,Berny|Guru,
containment,REVIEW,weight=47,Matthew Herbert,Herbert,spotify
containment,REVIEW,weight=33,Crazy Penis,Crazy P,spotify
containment,KEEP (real collab),weight=19,Smaak,Kraak & Smaak,spotify
containment,KEEP (real collab),weight=19,Kraak,Kraak & Smaak,spotify
containment,KEEP (real collab),weight=14,Mateo & Matos,Matos,spotify
containment,KEEP (real collab),weight=14,Mateo & Matos,Mateo,spotify
containment,KEEP (real collab),weight=10,Mateo and Matos,Matos,spotify
containment,KEEP (real collab),weight=10,Mateo,Mateo and Matos,spotify
containment,REVIEW,weight=10,Aminé,KAYTRAMINÉ,spotify
containment,KEEP (real collab),weight=5,Noir & Haze,Noir,spotify
containment,KEEP (real collab),weight=5,Lindstrøm & Prins Thomas,Prins Thomas,spotify
containment,KEEP (real collab),weight=5,Lindstrøm & Prins Thomas,Lindstrøm,spotify
containment,KEEP (real collab),weight=4,Woolfy vs. Projections,Projections,beatport
containment,KEEP (real collab),weight=4,Woolfy,Woolfy vs. Projections,beatport
containment,KEEP (real collab),weight=4,"Tuff City Kids, Gerd Janson & Lauer",Tuff City Kids,beatport
containment,REVIEW,weight=4,Tanzmann,Matthias Tanzmann,spotify
containment,KEEP (real collab),weight=4,Lauer,"Tuff City Kids, Gerd Janson & Lauer",beatport
containment,REVIEW,weight=4,Herbert,Matthew Herbert,beatport
containment,KEEP (real collab),weight=4,Gerd Janson,"Tuff City Kids, Gerd Janson & Lauer",beatport
containment,KEEP (real collab),weight=4,Faradjallah,Attarazat Addahabia & Faradjallah,beatport
containment,KEEP (real collab),weight=4,Attarazat Addahabia,Attarazat Addahabia & Faradjallah,beatport
containment,REVIEW,weight=3,Rollo,Rollo Armstrong,spotify
containment,REVIEW,weight=3,Pharrell Williams,Uffie feat. Pharrell Williams,beatport
containment,KEEP (real collab),weight=3,Lindstrøm & Christabelle,Lindstrøm,spotify
containment,KEEP (real collab),weight=3,Lindstrøm & Christabelle,Christabelle,spotify
containment,REVIEW,weight=3,Cunnie Williams feat. Monie Love,Monie Love,spotify
containment,REVIEW,weight=3,Cunnie Williams feat. Monie Love,Cunnie Williams,spotify
containment,KEEP (real collab),weight=3,Baron Retif,Baron Retif & Concepcion Perez,spotify
containment,KEEP (real collab),weight=2,atish,"atish, Bengal (SF)",beatport
containment,KEEP (real collab),weight=2,YokoO,YokoO & Retza,beatport
containment,REVIEW,weight=2,What,James What,beatport
containment,REVIEW,weight=2,Voigt,Alexander Voigt,spotify
containment,KEEP (real collab),weight=2,Tanzmann & Voigt,Voigt,spotify
containment,KEEP (real collab),weight=2,Tanzmann & Voigt,Tanzmann,spotify
containment,KEEP (real collab),weight=2,Tam Cooper,Will Saul & Tam Cooper,spotify
containment,REVIEW,weight=2,Stella,Σtella,spotify
containment,REVIEW,weight=2,Shire T,Shire Tea,spotify
containment,KEEP (real collab),weight=2,Scoper & Bubba,Scoper,spotify
containment,KEEP (real collab),weight=2,Scoper & Bubba,Bubba,spotify
containment,KEEP (real collab),weight=2,Retza,YokoO & Retza,beatport
containment,REVIEW,weight=2,Pascal + Mister Day,Pascal,spotify
containment,REVIEW,weight=2,Pascal + Mister Day,Mister Day,spotify
containment,KEEP (real collab),weight=2,Owain K,Jamie Anderson & Owain K,spotify
containment,KEEP (real collab),weight=2,Oceanvs Orientalis,Oceanvs Orientalis & Ilhan Ersahin,beatport
containment,REVIEW,weight=2,Nour Eddine,Nour Eddine Fatty,spotify
containment,KEEP (real collab),weight=2,Nils Hoffmann,Nils Hoffmann & Ben Böhmer,beatport
containment,KEEP (real collab),weight=2,Nick Cave,Nick Cave & The Bad Seeds,spotify
containment,KEEP (real collab),weight=2,Miss Kittin,"Miss Kittin, Michel Amato",beatport
containment,REVIEW,weight=2,Mira,Mira (Berlin),spotify
containment,KEEP (real collab),weight=2,Michel Amato,"Miss Kittin, Michel Amato",beatport
containment,REVIEW,weight=2,Melante Amsterdam,Bob van Asperen/Melante Amsterdam,spotify
containment,KEEP (real collab),weight=2,Mario Più' presents DJ Arabesque,Mario Più,spotify
containment,KEEP (real collab),weight=2,Mario Più' presents DJ Arabesque,D.J. Arabesque,spotify
containment,KEEP (real collab),weight=2,Luca C & Brigante,Brigante,spotify
containment,KEEP (real collab),weight=2,Luca C,Luca C & Brigante,spotify
containment,KEEP (real collab),weight=2,Jamie Anderson,Jamie Anderson & Owain K,spotify
containment,REVIEW,weight=2,Jacques Loussier,Jacques Loussier Trio,spotify
containment,KEEP (real collab),weight=2,Ilhan Ersahin,Oceanvs Orientalis & Ilhan Ersahin,beatport
containment,REVIEW,weight=2,Flash Atkins feat. Danielle Moore,Flash Atkins,spotify
containment,REVIEW,weight=2,Ferry Ultra feat. Roy Ayers,Roy Ayers,spotify
containment,REVIEW,weight=2,Ferry Ultra feat. Roy Ayers,Ferry Ultra,spotify
containment,REVIEW,weight=2,Daniel Stefanik,Stefanik,spotify
containment,KEEP (real collab),weight=2,Concepcion Perez,Baron Retif & Concepcion Perez,spotify
containment,KEEP (real collab),weight=2,Chopstick,Chopstick & Johnjon,spotify
containment,KEEP (real collab),weight=2,Brigitte Fontaine & Jacques Higelin,Jacques Higelin,spotify
containment,KEEP (real collab),weight=2,Brigitte Fontaine,Brigitte Fontaine & Jacques Higelin,spotify
containment,REVIEW,weight=2,Bob van Asperen/Melante Amsterdam,Bob van Asperen,spotify
containment,KEEP (real collab),weight=2,Bengal (SF),"atish, Bengal (SF)",beatport
containment,KEEP (real collab),weight=2,Ben Böhmer,Nils Hoffmann & Ben Böhmer,beatport
containment,KEEP (real collab),weight=2,Baron Rétif,Baron Retif & Concepcion Perez,spotify
containment,KEEP (real collab),weight=2,Agathe,Agathe & Regrets,spotify
